engine,num_waters,num_atoms,mean_ms_per_step,std_ms_per_step,alpha,kmax,speed_steps_per_s
torchff_pme,300,900,0.2831384399323724,0.016886344774240093,2.98406444832799,8,3531.8411736634907
openmm_pme,300,900,0.0792794942855835,nan,2.98406444832799,8,12613.602155404315
torchff_pme,1000,3000,0.37168524315347895,0.0019364761697149002,2.98406444832799,12,2690.4484867780257
openmm_pme,1000,3000,0.1483745813369751,nan,2.98406444832799,12,6739.69888230983
torchff_pme,3000,9000,0.535560573276598,0.03188394127800147,2.98406444832799,17,1867.2024228406663
openmm_pme,3000,9000,0.1601947546005249,nan,2.98406444832799,18,6242.401647255455
torchff_pme,10000,30000,1.0316596003249288,0.08014341217660707,2.98406444832799,26,969.3119704261393
openmm_pme,10000,30000,0.26660430431365967,nan,2.98406444832799,27,3750.877175724444
