engine,num_waters,num_atoms,mean_ms_per_step,std_ms_per_step,alpha,kmax,speed_steps_per_s
torchff,300,900,0.1613416863256134,0.0027755363647967435,2.98406444832799,8,6198.026206208355
openmm,300,900,0.27868192195892333,nan,0.0 /nm,0,3588.3203078648075
torchff,1000,3000,0.4715703752299305,0.008598836687902803,2.98406444832799,12,2120.574261079092
openmm,1000,3000,0.9321010589599609,nan,0.0 /nm,0,1072.8450422702028
torchff,3000,9000,2.0730757505225483,0.19651034205332912,2.98406444832799,17,482.37504092551166
openmm,3000,9000,2.5938817024230953,nan,0.0 /nm,0,385.52259305651523
torchff,10000,30000,19.21303749011713,0.15662806393965675,2.98406444832799,26,52.04799087673584
openmm,10000,30000,18.350734138488768,nan,0.0 /nm,0,54.49373264596556
